{"protocol": "rest", "methods": {"tokeninfo": {"path": "oauth2/v2/tokeninfo", "response": {"$ref": "Tokeninfo"}, "id": "oauth2.tokeninfo", "parameters": {"access_token": {"type": "string", "location": "query"}, "id_token": {"type": "string", "location": "query"}}, "httpMethod": "POST"}}, "ownerName": "Google", "batchPath": "batch", "id": "oauth2:v2", "schemas": {"Userinfo": {"type": "object", "id": "Userinfo", "properties": {"family_name": {"type": "string", "description": "The user's last name."}, "name": {"type": "string", "description": "The user's full name."}, "picture": {"type": "string", "description": "URL of the user's picture image."}, "locale": {"type": "string", "description": "The user's default locale."}, "gender": {"type": "string", "description": "The user's gender."}, "id": {"type": "string", "description": "The focus obfuscated gaia id of the user."}, "birthday": {"type": "string", "description": "The user's birthday. The year is not present."}, "link": {"type": "string", "description": "URL of the profile page."}, "given_name": {"type": "string", "description": "The user's first name."}, "timezone": {"type": "string", "description": "The user's default timezone."}, "email": {"type": "string", "description": "The user's email address."}, "hd": {"type": "string", "description": "The hosted domain e.g. example.com if the user is Google apps user."}, "verified_email": {"type": "boolean", "description": "Boolean flag which is true if the email address is verified."}}}, "Tokeninfo": {"type": "object", "id": "Tokeninfo", "properties": {"issued_to": {"type": "string", "description": "To whom was the token issued to. In general the same as audience."}, "user_id": {"type": "string", "description": "The Gaia obfuscated user id."}, "expires_in": {"type": "integer", "description": "The expiry time of the token, as number of seconds left until expiry.", "format": "int32"}, "access_type": {"type": "string", "description": "The access type granted with this token. It can be offline or online."}, "audience": {"type": "string", "description": "Who is the intended audience for this token. In general the same as issued_to."}, "scope": {"type": "string", "description": "The space separated list of scopes granted to this token."}, "email": {"type": "string", "description": "The email address of the user. Present only if the email scope is present in the request."}, "verified_email": {"type": "boolean", "description": "Boolean flag which is true if the email address is verified. Present only if the email scope is present in the request."}}}}, "ownerDomain": "google.com", "rootUrl": "https://www.googleapis.com/", "parameters": {"prettyPrint": {"default": "true", "type": "boolean", "description": "Returns response with indentations and line breaks.", "location": "query"}, "fields": {"type": "string", "description": "Selector specifying which fields to include in a partial response.", "location": "query"}, "quotaUser": {"type": "string", "description": "Available to use for quota purposes for server-side applications. Can be any arbitrary string assigned to a user, but should not exceed 40 characters. Overrides userIp if both are provided.", "location": "query"}, "oauth_token": {"type": "string", "description": "OAuth 2.0 token for the current user.", "location": "query"}, "key": {"type": "string", "description": "API key. Your API key identifies your project and provides you with API access, quota, and reports. Required unless you provide an OAuth 2.0 token.", "location": "query"}, "userIp": {"type": "string", "description": "IP address of the site where the request originates. Use this if you want to enforce per-user limits.", "location": "query"}, "alt": {"description": "Data format for the response.", "default": "json", "enum": ["json"], "enumDescriptions": ["Responses with Content-Type of application/json"], "location": "query", "type": "string"}}, "title": "Google OAuth2 API", "baseUrl": "https://www.googleapis.com/", "version": "v2", "servicePath": "", "resources": {"userinfo": {"methods": {"get": {"path": "oauth2/v2/userinfo", "response": {"$ref": "Userinfo"}, "scopes": ["https://www.googleapis.com/auth/plus.login", "https://www.googleapis.com/auth/plus.me", "https://www.googleapis.com/auth/userinfo.email", "https://www.googleapis.com/auth/userinfo.profile"], "id": "oauth2.userinfo.get", "httpMethod": "GET"}}, "resources": {"v2": {"resources": {"me": {"methods": {"get": {"path": "userinfo/v2/me", "response": {"$ref": "Userinfo"}, "scopes": ["https://www.googleapis.com/auth/plus.login", "https://www.googleapis.com/auth/plus.me", "https://www.googleapis.com/auth/userinfo.email", "https://www.googleapis.com/auth/userinfo.profile"], "id": "oauth2.userinfo.v2.me.get", "httpMethod": "GET"}}}}}}}}, "revision": 38, "description": "Lets you access OAuth2 protocol related APIs.", "auth": {"oauth2": {"scopes": {"https://www.googleapis.com/auth/plus.login": {"description": "Know your name, basic info, and list of people you're connected to on Google+"}, "https://www.googleapis.com/auth/userinfo.email": {"description": "View your email address"}, "https://www.googleapis.com/auth/userinfo.profile": {"description": "View basic information about your account"}, "https://www.googleapis.com/auth/plus.me": {"description": "Know who you are on Google"}}}}, "kind": "discovery#restDescription", "name": "oauth2", "etag": "\"0kaFfN0xfjZjASExv-gUnrWhdto/_Rxo1xnvBjhAUbm_XuYfyXrKEbI\"", "basePath": "/", "icons": {"x32": "http://www.google.com/images/icons/product/search-32.gif", "x16": "http://www.google.com/images/icons/product/search-16.gif"}, "discoveryVersion": "v1", "documentationLink": "https://developers.google.com/accounts/docs/OAuth2", "revision_date": "20130510"}