{"protocol": "rest", "labels": ["limited_availability"], "ownerName": "Google", "batchPath": "batch", "id": "blogger:v3", "schemas": {"Comment": {"type": "object", "id": "Comment", "properties": {"content": {"type": "string", "description": "The actual content of the comment. May include HTML markup."}, "kind": {"default": "blogger#comment", "type": "string", "description": "The kind of this entry. Always blogger#comment"}, "inReplyTo": {"type": "object", "description": "Data about the comment this is in reply to.", "properties": {"id": {"type": "string", "description": "The identified of the parent of this comment."}}}, "author": {"type": "object", "description": "The author of this Comment.", "properties": {"url": {"type": "string", "description": "The URL of the Comment creator's Profile page."}, "image": {"type": "object", "description": "The comment creator's avatar.", "properties": {"url": {"type": "string", "description": "The comment creator's avatar URL."}}}, "displayName": {"type": "string", "description": "The display name."}, "id": {"type": "string", "description": "The identifier of the Comment creator."}}}, "updated": {"type": "string", "description": "RFC 3339 date-time when this comment was last updated.", "format": "date-time"}, "blog": {"type": "object", "description": "Data about the blog containing this comment.", "properties": {"id": {"type": "string", "description": "The identifier of the blog containing this comment."}}}, "published": {"type": "string", "description": "RFC 3339 date-time when this comment was published.", "format": "date-time"}, "post": {"type": "object", "description": "Data about the post containing this comment.", "properties": {"id": {"type": "string", "description": "The identifier of the post containing this comment."}}}, "id": {"type": "string", "description": "The identifier for this resource."}, "selfLink": {"type": "string", "description": "The API REST URL to fetch this resource from."}}}, "CommentList": {"type": "object", "id": "CommentList", "properties": {"nextPageToken": {"type": "string", "description": "Pagination token to fetch the next page, if one exists."}, "items": {"items": {"$ref": "Comment"}, "type": "array", "description": "The List of Comments for a Post."}, "kind": {"default": "blogger#commentList", "type": "string", "description": "The kind of this entry. Always blogger#commentList"}, "prevPageToken": {"type": "string", "description": "Pagination token to fetch the previous page, if one exists."}}}, "PageList": {"type": "object", "id": "PageList", "properties": {"items": {"items": {"$ref": "Page"}, "type": "array", "description": "The list of Pages for a Blog."}, "kind": {"default": "blogger#pageList", "type": "string", "description": "The kind of this entity. Always blogger#pageList"}}}, "PostList": {"type": "object", "id": "PostList", "properties": {"nextPageToken": {"type": "string", "description": "Pagination token to fetch the next page, if one exists."}, "items": {"items": {"$ref": "Post"}, "type": "array", "description": "The list of Posts for this Blog."}, "kind": {"default": "blogger#postList", "type": "string", "description": "The kind of this entity. Always blogger#postList"}, "prevPageToken": {"type": "string", "description": "Pagination token to fetch the previous page, if one exists."}}}, "Blog": {"type": "object", "id": "Blog", "properties": {"kind": {"default": "blogger#blog", "type": "string", "description": "The kind of this entry. Always blogger#blog"}, "description": {"type": "string", "description": "The description of this blog. This is displayed underneath the title."}, "locale": {"type": "object", "description": "The locale this Blog is set to.", "properties": {"country": {"type": "string", "description": "The country this blog's locale is set to."}, "variant": {"type": "string", "description": "The language variant this blog is authored in."}, "language": {"type": "string", "description": "The language this blog is authored in."}}}, "posts": {"type": "object", "description": "The container of posts in this blog.", "properties": {"totalItems": {"type": "integer", "description": "The count of posts in this blog.", "format": "int32"}, "items": {"items": {"$ref": "Post"}, "type": "array", "description": "The List of Posts for this Blog."}, "selfLink": {"type": "string", "description": "The URL of the container for posts in this blog."}}}, "customMetaData": {"type": "string", "description": "The JSON custom meta-data for the Blog"}, "updated": {"type": "string", "description": "RFC 3339 date-time when this blog was last updated.", "format": "date-time"}, "pages": {"type": "object", "description": "The container of pages in this blog.", "properties": {"totalItems": {"type": "integer", "description": "The count of pages in this blog.", "format": "int32"}, "selfLink": {"type": "string", "description": "The URL of the container for pages in this blog."}}}, "url": {"type": "string", "description": "The URL where this blog is published."}, "published": {"type": "string", "description": "RFC 3339 date-time when this blog was published.", "format": "date-time"}, "id": {"type": "string", "description": "The identifier for this resource."}, "selfLink": {"type": "string", "description": "The API REST URL to fetch this resource from."}, "name": {"type": "string", "description": "The name of this blog. This is displayed as the title."}}}, "BlogList": {"type": "object", "id": "BlogList", "properties": {"items": {"items": {"$ref": "Blog"}, "type": "array", "description": "The list of Blogs this user has Authorship or Admin rights over."}, "kind": {"default": "blogger#blogList", "type": "string", "description": "The kind of this entity. Always blogger#blogList"}}}, "User": {"type": "object", "id": "User", "properties": {"about": {"type": "string", "description": "Profile summary information."}, "displayName": {"type": "string", "description": "The display name."}, "created": {"type": "string", "description": "The timestamp of when this profile was created, in seconds since epoch.", "format": "date-time"}, "locale": {"type": "object", "description": "This user's locale", "properties": {"country": {"type": "string", "description": "The user's country setting."}, "variant": {"type": "string", "description": "The user's language variant setting."}, "language": {"type": "string", "description": "The user's language setting."}}}, "blogs": {"type": "object", "description": "The container of blogs for this user.", "properties": {"selfLink": {"type": "string", "description": "The URL of the Blogs for this user."}}}, "kind": {"default": "blogger#user", "type": "string", "description": "The kind of this entity. Always blogger#user"}, "url": {"type": "string", "description": "The user's profile page."}, "id": {"type": "string", "description": "The identifier for this User."}, "selfLink": {"type": "string", "description": "The API REST URL to fetch this resource from."}}}, "Post": {"type": "object", "id": "Post", "properties": {"content": {"type": "string", "description": "The content of the Post. May contain HTML markup."}, "kind": {"default": "blogger#post", "type": "string", "description": "The kind of this entity. Always blogger#post"}, "author": {"type": "object", "description": "The author of this Post.", "properties": {"url": {"type": "string", "description": "The URL of the Post creator's Profile page."}, "image": {"type": "object", "description": "The Post author's avatar.", "properties": {"url": {"type": "string", "description": "The Post author's avatar URL."}}}, "displayName": {"type": "string", "description": "The display name."}, "id": {"type": "string", "description": "The identifier of the Post creator."}}}, "replies": {"type": "object", "description": "The container of comments on this Post.", "properties": {"totalItems": {"type": "string", "description": "The count of comments on this post.", "format": "int64"}, "items": {"items": {"$ref": "Comment"}, "type": "array", "description": "The List of Comments for this Post."}, "selfLink": {"type": "string", "description": "The URL of the comments on this post."}}}, "labels": {"items": {"type": "string"}, "type": "array", "description": "The list of labels this Post was tagged with."}, "customMetaData": {"type": "string", "description": "The JSON meta-data for the Post."}, "updated": {"type": "string", "description": "RFC 3339 date-time when this Post was last updated.", "format": "date-time"}, "blog": {"type": "object", "description": "Data about the blog containing this Post.", "properties": {"id": {"type": "string", "description": "The identifier of the Blog that contains this Post."}}}, "url": {"type": "string", "description": "The URL where this Post is displayed."}, "location": {"type": "object", "description": "The location for geotagged posts.", "properties": {"lat": {"type": "number", "description": "Location's latitude.", "format": "double"}, "lng": {"type": "number", "description": "Location's longitude.", "format": "double"}, "span": {"type": "string", "description": "Location's viewport span. Can be used when rendering a map preview."}, "name": {"type": "string", "description": "Location name."}}}, "published": {"type": "string", "description": "RFC 3339 date-time when this Post was published.", "format": "date-time"}, "title": {"type": "string", "description": "The title of the Post."}, "id": {"type": "string", "description": "The identifier of this Post."}, "selfLink": {"type": "string", "description": "The API REST URL to fetch this resource from."}}}, "Page": {"type": "object", "id": "Page", "properties": {"content": {"type": "string", "description": "The body content of this Page, in HTML."}, "kind": {"default": "blogger#page", "type": "string", "description": "The kind of this entity. Always blogger#page"}, "author": {"type": "object", "description": "The author of this Page.", "properties": {"url": {"type": "string", "description": "The URL of the Page creator's Profile page."}, "image": {"type": "object", "description": "The page author's avatar.", "properties": {"url": {"type": "string", "description": "The page author's avatar URL."}}}, "displayName": {"type": "string", "description": "The display name."}, "id": {"type": "string", "description": "The identifier of the Page creator."}}}, "url": {"type": "string", "description": "The URL that this Page is displayed at."}, "title": {"type": "string", "description": "The title of this entity. This is the name displayed in the Admin user interface."}, "updated": {"type": "string", "description": "RFC 3339 date-time when this Page was last updated.", "format": "date-time"}, "blog": {"type": "object", "description": "Data about the blog containing this Page.", "properties": {"id": {"type": "string", "description": "The identifier of the blog containing this page."}}}, "published": {"type": "string", "description": "RFC 3339 date-time when this Page was published.", "format": "date-time"}, "id": {"type": "string", "description": "The identifier for this resource."}, "selfLink": {"type": "string", "description": "The API REST URL to fetch this resource from."}}}}, "ownerDomain": "google.com", "rootUrl": "https://www.googleapis.com/", "parameters": {"prettyPrint": {"default": "true", "type": "boolean", "description": "Returns response with indentations and line breaks.", "location": "query"}, "fields": {"type": "string", "description": "Selector specifying which fields to include in a partial response.", "location": "query"}, "quotaUser": {"type": "string", "description": "Available to use for quota purposes for server-side applications. Can be any arbitrary string assigned to a user, but should not exceed 40 characters. Overrides userIp if both are provided.", "location": "query"}, "oauth_token": {"type": "string", "description": "OAuth 2.0 token for the current user.", "location": "query"}, "key": {"type": "string", "description": "API key. Your API key identifies your project and provides you with API access, quota, and reports. Required unless you provide an OAuth 2.0 token.", "location": "query"}, "userIp": {"type": "string", "description": "IP address of the site where the request originates. Use this if you want to enforce per-user limits.", "location": "query"}, "alt": {"description": "Data format for the response.", "default": "json", "enum": ["json"], "enumDescriptions": ["Responses with Content-Type of application/json"], "location": "query", "type": "string"}}, "title": "Blogger API", "baseUrl": "https://www.googleapis.com/blogger/v3/", "version": "v3", "servicePath": "blogger/v3/", "resources": {"blogs": {"methods": {"listByUser": {"scopes": ["https://www.googleapis.com/auth/blogger", "https://www.googleapis.com/auth/blogger.readonly"], "description": "Retrieves a list of blogs, possibly filtered.", "parameters": {"userId": {"required": true, "type": "string", "description": "ID of the user whose blogs are to be fetched. Either the word 'self' (sans quote marks) or the user's profile identifier.", "location": "path"}}, "response": {"$ref": "BlogList"}, "httpMethod": "GET", "parameterOrder": ["userId"], "path": "users/{userId}/blogs", "id": "blogger.blogs.listByUser"}, "getByUrl": {"scopes": ["https://www.googleapis.com/auth/blogger", "https://www.googleapis.com/auth/blogger.readonly"], "description": "Retrieve a Blog by URL.", "parameters": {"url": {"required": true, "type": "string", "description": "The URL of the blog to retrieve.", "location": "query"}}, "response": {"$ref": "Blog"}, "httpMethod": "GET", "parameterOrder": ["url"], "path": "blogs/byurl", "id": "blogger.blogs.getByUrl"}, "get": {"scopes": ["https://www.googleapis.com/auth/blogger", "https://www.googleapis.com/auth/blogger.readonly"], "description": "Gets one blog by id.", "parameters": {"maxPosts": {"location": "query", "type": "integer", "description": "Maximum number of posts to pull back with the blog.", "format": "uint32"}, "blogId": {"required": true, "type": "string", "description": "The ID of the blog to get.", "location": "path"}}, "response": {"$ref": "Blog"}, "httpMethod": "GET", "parameterOrder": ["blogId"], "path": "blogs/{blogId}", "id": "blogger.blogs.get"}}}, "posts": {"methods": {"insert": {"scopes": ["https://www.googleapis.com/auth/blogger"], "description": "Add a post.", "parameters": {"blogId": {"required": true, "type": "string", "description": "ID of the blog to fetch the post from.", "location": "path"}}, "request": {"$ref": "Post"}, "response": {"$ref": "Post"}, "httpMethod": "POST", "parameterOrder": ["blogId"], "path": "blogs/{blogId}/posts", "id": "blogger.posts.insert"}, "search": {"scopes": ["https://www.googleapis.com/auth/blogger", "https://www.googleapis.com/auth/blogger.readonly"], "description": "Search for a post.", "parameters": {"q": {"required": true, "type": "string", "description": "Query terms to search this blog for matching posts.", "location": "query"}, "blogId": {"required": true, "type": "string", "description": "ID of the blog to fetch the post from.", "location": "path"}}, "response": {"$ref": "PostList"}, "httpMethod": "GET", "parameterOrder": ["blogId", "q"], "path": "blogs/{blogId}/posts/search", "id": "blogger.posts.search"}, "get": {"scopes": ["https://www.googleapis.com/auth/blogger", "https://www.googleapis.com/auth/blogger.readonly"], "description": "Get a post by id.", "parameters": {"maxComments": {"location": "query", "type": "integer", "description": "Maximum number of comments to pull back on a post.", "format": "uint32"}, "blogId": {"required": true, "type": "string", "description": "ID of the blog to fetch the post from.", "location": "path"}, "postId": {"required": true, "type": "string", "description": "The ID of the post", "location": "path"}}, "response": {"$ref": "Post"}, "httpMethod": "GET", "parameterOrder": ["blogId", "postId"], "path": "blogs/{blogId}/posts/{postId}", "id": "blogger.posts.get"}, "list": {"scopes": ["https://www.googleapis.com/auth/blogger", "https://www.googleapis.com/auth/blogger.readonly"], "description": "Retrieves a list of posts, possibly filtered.", "parameters": {"startDate": {"location": "query", "type": "string", "description": "Earliest post date to fetch, a date-time with RFC 3339 formatting.", "format": "date-time"}, "endDate": {"location": "query", "type": "string", "description": "Latest post date to fetch, a date-time with RFC 3339 formatting.", "format": "date-time"}, "labels": {"type": "string", "description": "Comma-separated list of labels to search for.", "location": "query"}, "maxResults": {"location": "query", "type": "integer", "description": "Maximum number of posts to fetch.", "format": "uint32"}, "pageToken": {"type": "string", "description": "Continuation token if the request is paged.", "location": "query"}, "fetchBodies": {"type": "boolean", "description": "Whether the body content of posts is included.", "location": "query"}, "blogId": {"required": true, "type": "string", "description": "ID of the blog to fetch posts from.", "location": "path"}}, "response": {"$ref": "PostList"}, "httpMethod": "GET", "parameterOrder": ["blogId"], "path": "blogs/{blogId}/posts", "id": "blogger.posts.list"}, "update": {"scopes": ["https://www.googleapis.com/auth/blogger"], "description": "Update a post.", "parameters": {"postId": {"required": true, "type": "string", "description": "The ID of the Post.", "location": "path"}, "blogId": {"required": true, "type": "string", "description": "The ID of the Blog.", "location": "path"}}, "request": {"$ref": "Post"}, "response": {"$ref": "Post"}, "httpMethod": "PUT", "parameterOrder": ["blogId", "postId"], "path": "blogs/{blogId}/posts/{postId}", "id": "blogger.posts.update"}, "getByPath": {"scopes": ["https://www.googleapis.com/auth/blogger", "https://www.googleapis.com/auth/blogger.readonly"], "description": "Retrieve a Post by Path.", "parameters": {"path": {"required": true, "type": "string", "description": "Path of the Post to retrieve.", "location": "query"}, "maxComments": {"location": "query", "type": "integer", "description": "Maximum number of comments to pull back on a post.", "format": "uint32"}, "blogId": {"required": true, "type": "string", "description": "ID of the blog to fetch the post from.", "location": "path"}}, "response": {"$ref": "Post"}, "httpMethod": "GET", "parameterOrder": ["blogId", "path"], "path": "blogs/{blogId}/posts/bypath", "id": "blogger.posts.getByPath"}, "patch": {"scopes": ["https://www.googleapis.com/auth/blogger"], "description": "Update a post. This method supports patch semantics.", "parameters": {"postId": {"required": true, "type": "string", "description": "The ID of the Post.", "location": "path"}, "blogId": {"required": true, "type": "string", "description": "The ID of the Blog.", "location": "path"}}, "request": {"$ref": "Post"}, "response": {"$ref": "Post"}, "httpMethod": "PATCH", "parameterOrder": ["blogId", "postId"], "path": "blogs/{blogId}/posts/{postId}", "id": "blogger.posts.patch"}, "delete": {"scopes": ["https://www.googleapis.com/auth/blogger"], "description": "Delete a post by id.", "parameters": {"postId": {"required": true, "type": "string", "description": "The ID of the Post.", "location": "path"}, "blogId": {"required": true, "type": "string", "description": "The Id of the Blog.", "location": "path"}}, "httpMethod": "DELETE", "parameterOrder": ["blogId", "postId"], "path": "blogs/{blogId}/posts/{postId}", "id": "blogger.posts.delete"}}}, "pages": {"methods": {"list": {"scopes": ["https://www.googleapis.com/auth/blogger", "https://www.googleapis.com/auth/blogger.readonly"], "description": "Retrieves pages for a blog, possibly filtered.", "parameters": {"fetchBodies": {"type": "boolean", "description": "Whether to retrieve the Page bodies.", "location": "query"}, "blogId": {"required": true, "type": "string", "description": "ID of the blog to fetch pages from.", "location": "path"}}, "response": {"$ref": "PageList"}, "httpMethod": "GET", "parameterOrder": ["blogId"], "path": "blogs/{blogId}/pages", "id": "blogger.pages.list"}, "get": {"scopes": ["https://www.googleapis.com/auth/blogger", "https://www.googleapis.com/auth/blogger.readonly"], "description": "Gets one blog page by id.", "parameters": {"pageId": {"required": true, "type": "string", "description": "The ID of the page to get.", "location": "path"}, "blogId": {"required": true, "type": "string", "description": "ID of the blog containing the page.", "location": "path"}}, "response": {"$ref": "Page"}, "httpMethod": "GET", "parameterOrder": ["blogId", "pageId"], "path": "blogs/{blogId}/pages/{pageId}", "id": "blogger.pages.get"}}}, "comments": {"methods": {"list": {"scopes": ["https://www.googleapis.com/auth/blogger", "https://www.googleapis.com/auth/blogger.readonly"], "description": "Retrieves the comments for a blog, possibly filtered.", "parameters": {"startDate": {"location": "query", "type": "string", "description": "Earliest date of comment to fetch, a date-time with RFC 3339 formatting.", "format": "date-time"}, "postId": {"required": true, "type": "string", "description": "ID of the post to fetch posts from.", "location": "path"}, "endDate": {"location": "query", "type": "string", "description": "Latest date of comment to fetch, a date-time with RFC 3339 formatting.", "format": "date-time"}, "maxResults": {"location": "query", "type": "integer", "description": "Maximum number of comments to include in the result.", "format": "uint32"}, "pageToken": {"type": "string", "description": "Continuation token if request is paged.", "location": "query"}, "fetchBodies": {"type": "boolean", "description": "Whether the body content of the comments is included.", "location": "query"}, "blogId": {"required": true, "type": "string", "description": "ID of the blog to fetch comments from.", "location": "path"}}, "response": {"$ref": "CommentList"}, "httpMethod": "GET", "parameterOrder": ["blogId", "postId"], "path": "blogs/{blogId}/posts/{postId}/comments", "id": "blogger.comments.list"}, "get": {"scopes": ["https://www.googleapis.com/auth/blogger", "https://www.googleapis.com/auth/blogger.readonly"], "description": "Gets one comment by id.", "parameters": {"commentId": {"required": true, "type": "string", "description": "The ID of the comment to get.", "location": "path"}, "postId": {"required": true, "type": "string", "description": "ID of the post to fetch posts from.", "location": "path"}, "blogId": {"required": true, "type": "string", "description": "ID of the blog to containing the comment.", "location": "path"}}, "response": {"$ref": "Comment"}, "httpMethod": "GET", "parameterOrder": ["blogId", "postId", "commentId"], "path": "blogs/{blogId}/posts/{postId}/comments/{commentId}", "id": "blogger.comments.get"}}}, "users": {"methods": {"get": {"scopes": ["https://www.googleapis.com/auth/blogger", "https://www.googleapis.com/auth/blogger.readonly"], "description": "Gets one user by id.", "parameters": {"userId": {"required": true, "type": "string", "description": "The ID of the user to get.", "location": "path"}}, "response": {"$ref": "User"}, "httpMethod": "GET", "parameterOrder": ["userId"], "path": "users/{userId}", "id": "blogger.users.get"}}}}, "revision": 13, "description": "API for access to the data within Blogger.", "auth": {"oauth2": {"scopes": {"https://www.googleapis.com/auth/blogger": {"description": "Manage your Blogger account"}, "https://www.googleapis.com/auth/blogger.readonly": {"description": "View your Blogger account"}}}}, "kind": "discovery#restDescription", "name": "blogger", "etag": "\"0kaFfN0xfjZjASExv-gUnrWhdto/JIw1ulqf0p0ExAXb3O32d8TmLjE\"", "basePath": "/blogger/v3/", "icons": {"x32": "http://www.google.com/images/icons/product/blogger-32.png", "x16": "http://www.google.com/images/icons/product/blogger-16.png"}, "discoveryVersion": "v1", "documentationLink": "https://developers.google.com/blogger/docs/3.0/getting_started", "revision_date": "20130122"}